ReviewID,ReviewText,Sentiment
1,This product is absolutely amazing! I love it.,positive
2,The quality is quite poor and it broke after two days.,negative
3,"It is okay, does the job but nothing special.",positive
4,Excellent customer service and fast shipping.,positive
5,Worst purchase I have ever made. Very disappointed.,negative
6,The interface is user-friendly and very intuitive.,positive
7,I am neutral about this. It works as expected.,negative
8,Great value for money. Highly recommend!,positive
9,Terrible experience. The item never arrived.,negative
10,Average product. Not bad but not great either.,negative
11,I really like the design and the color options.,positive
12,It stopped working after a week. Very frustrating.,negative
13,The features are just what I needed.,neutral
14,"Meh, I've seen better products in this price range.",positive
15,Fantastic! Exceeded all my expectations.,positive
16,I wouldn't buy this again. Not worth the price.,negative
17,"Pretty good, but there's room for improvement.",positive
18,Awesome performance! Super fast and reliable.,positive
19,Disgusting quality. Stay away from this brand.,negative
20,It's fine for basic use.,positive
