Date,Headline
2024-02-02,Apple's services revenue hits all-time high
2024-02-05,Analysts upgrade AAPL stock to 'Strong Buy'
2024-02-06,Apple's services revenue hits all-time high
2024-02-07,Major security vulnerability discovered in iOS
2024-02-08,Lawsuit filed against Apple over battery performance
2024-02-09,Market waits for Apple's upcoming product announcement
2024-02-12,Apple faces supply chain disruptions in key markets
2024-02-13,New iPhone sales fall short of analyst expectations
2024-02-14,Competitors gain market share in the premium smartphone segment
2024-02-15,Apple to hold its annual developer conference next month
2024-02-16,Apple announces major expansion into AI and robotics
2024-02-20,Market waits for Apple's upcoming product announcement
2024-02-21,Apple's production delayed due to component shortages
2024-02-22,Warren Buffett increases stake in Apple
2024-02-23,Lawsuit filed against Apple over battery performance
2024-02-26,Apple faces supply chain disruptions in key markets
2024-02-27,Market waits for Apple's upcoming product announcement
2024-02-28,Analysts upgrade AAPL stock to 'Strong Buy'
2024-02-29,Apple's services revenue hits all-time high
2024-03-01,Minor software update released for Apple Watch
2024-03-04,Apple faces supply chain disruptions in key markets
2024-03-05,Apple updates its privacy policy for users
2024-03-06,Apple faces supply chain disruptions in key markets
2024-03-07,Apple to hold its annual developer conference next month
2024-03-08,Warren Buffett increases stake in Apple
2024-03-11,Apple to hold its annual developer conference next month
2024-03-12,Apple CEO Tim Cook speaks at industry summit
2024-03-13,Regulatory scrutiny intensifies for Apple's App Store
2024-03-14,Apple CEO Tim Cook speaks at industry summit
2024-03-15,Successful launch of new MacBook models boosts investor confidence
2024-03-18,Apple faces supply chain disruptions in key markets
2024-03-19,Apple announces major expansion into AI and robotics
2024-03-20,Apple announces major expansion into AI and robotics
2024-03-21,Major security vulnerability discovered in iOS
2024-03-22,Apple announces major expansion into AI and robotics
2024-03-25,Apple updates its privacy policy for users
2024-03-26,Apple's board of directors meets for quarterly review
2024-03-27,New iPhone receives rave reviews from critics
2024-03-28,Market waits for Apple's upcoming product announcement
2024-04-01,Lawsuit filed against Apple over battery performance
2024-04-02,Apple remains a key player in the tech industry
2024-04-03,Apple announces major expansion into AI and robotics
2024-04-04,Apple issues rare revenue warning
2024-04-05,Apple remains a key player in the tech industry
2024-04-08,New iPhone sales fall short of analyst expectations
2024-04-09,Apple faces supply chain disruptions in key markets
2024-04-10,Major security vulnerability discovered in iOS
2024-04-11,Apple reports record-breaking quarterly earnings
2024-04-12,Apple's services revenue hits all-time high
2024-04-15,Lawsuit filed against Apple over battery performance
2024-04-16,Apple faces supply chain disruptions in key markets
2024-04-17,Apple faces supply chain disruptions in key markets
2024-04-18,Apple's production delayed due to component shortages
2024-04-19,Lawsuit filed against Apple over battery performance
2024-04-22,Apple announces major expansion into AI and robotics
2024-04-23,Apple's services revenue hits all-time high
2024-04-24,Market waits for Apple's upcoming product announcement
2024-04-25,Apple to hold its annual developer conference next month
2024-04-26,Competitors gain market share in the premium smartphone segment
2024-04-29,Apple explores new office space in Austin
2024-04-30,Apple's production delayed due to component shortages
2024-05-01,Apple CEO Tim Cook speaks at industry summit
2024-05-02,Market waits for Apple's upcoming product announcement
2024-05-03,Apple CEO Tim Cook speaks at industry summit
2024-05-06,Regulatory scrutiny intensifies for Apple's App Store
2024-05-07,Apple to hold its annual developer conference next month
2024-05-08,Competitors gain market share in the premium smartphone segment
2024-05-09,Analysts upgrade AAPL stock to 'Strong Buy'
2024-05-10,New iPhone sales fall short of analyst expectations
2024-05-13,New iPhone receives rave reviews from critics
2024-05-14,Apple remains a key player in the tech industry
2024-05-15,Apple issues rare revenue warning
2024-05-16,Apple faces supply chain disruptions in key markets
2024-05-17,Lawsuit filed against Apple over battery performance
2024-05-20,Successful launch of new MacBook models boosts investor confidence
2024-05-21,Apple reports record-breaking quarterly earnings
2024-05-22,Lawsuit filed against Apple over battery performance
2024-05-23,Major security vulnerability discovered in iOS
2024-05-24,Analysts upgrade AAPL stock to 'Strong Buy'
2024-05-28,Competitors gain market share in the premium smartphone segment
2024-05-29,Warren Buffett increases stake in Apple
2024-05-30,Warren Buffett increases stake in Apple
2024-05-31,Apple announces major expansion into AI and robotics
2024-06-03,Apple's services revenue hits all-time high
2024-06-04,Minor software update released for Apple Watch
2024-06-05,Apple remains a key player in the tech industry
2024-06-06,Apple issues rare revenue warning
2024-06-07,Warren Buffett increases stake in Apple
2024-06-10,Apple to hold its annual developer conference next month
2024-06-11,Apple's services revenue hits all-time high
2024-06-12,Apple's services revenue hits all-time high
2024-06-13,Apple updates its privacy policy for users
2024-06-14,Apple's production delayed due to component shortages
2024-06-17,Apple wins major patent lawsuit against competitors
2024-06-18,Apple announces major expansion into AI and robotics
2024-06-20,Apple issues rare revenue warning
2024-06-21,Apple faces supply chain disruptions in key markets
2024-06-24,New iPhone sales fall short of analyst expectations
2024-06-25,Apple CEO Tim Cook speaks at industry summit
2024-06-26,Apple to hold its annual developer conference next month
2024-06-27,Apple's production delayed due to component shortages
2024-06-28,New iPhone sales fall short of analyst expectations
2024-07-01,Apple reports record-breaking quarterly earnings
2024-07-02,Apple announces major expansion into AI and robotics
2024-07-03,Minor software update released for Apple Watch
2024-07-05,Warren Buffett increases stake in Apple
2024-07-08,Successful launch of new MacBook models boosts investor confidence
2024-07-09,Apple issues rare revenue warning
2024-07-10,Successful launch of new MacBook models boosts investor confidence
2024-07-11,Apple's production delayed due to component shortages
2024-07-12,Apple's services revenue hits all-time high
2024-07-15,Apple's production delayed due to component shortages
2024-07-16,Apple to hold its annual developer conference next month
2024-07-17,Apple issues rare revenue warning
2024-07-18,Competitors gain market share in the premium smartphone segment
2024-07-19,Lawsuit filed against Apple over battery performance
2024-07-22,Regulatory scrutiny intensifies for Apple's App Store
2024-07-23,Apple wins major patent lawsuit against competitors
2024-07-24,Apple to hold its annual developer conference next month
2024-07-25,Analysts upgrade AAPL stock to 'Strong Buy'
2024-07-26,Apple remains a key player in the tech industry
2024-07-29,Warren Buffett increases stake in Apple
2024-07-30,Minor software update released for Apple Watch
2024-07-31,Successful launch of new MacBook models boosts investor confidence
2024-08-01,Apple wins major patent lawsuit against competitors
2024-08-02,Apple reports record-breaking quarterly earnings
2024-08-05,Major security vulnerability discovered in iOS
2024-08-06,Apple CEO Tim Cook speaks at industry summit
2024-08-07,Warren Buffett increases stake in Apple
2024-08-08,Minor software update released for Apple Watch
2024-08-09,Apple's services revenue hits all-time high
2024-08-12,Major security vulnerability discovered in iOS
2024-08-13,Analysts upgrade AAPL stock to 'Strong Buy'
2024-08-14,Analysts upgrade AAPL stock to 'Strong Buy'
2024-08-15,Apple's board of directors meets for quarterly review
2024-08-16,Successful launch of new MacBook models boosts investor confidence
2024-08-19,Market waits for Apple's upcoming product announcement
2024-08-20,Apple announces major expansion into AI and robotics
2024-08-21,Apple's board of directors meets for quarterly review
2024-08-22,Successful launch of new MacBook models boosts investor confidence
2024-08-23,Apple wins major patent lawsuit against competitors
2024-08-26,Apple updates its privacy policy for users
2024-08-27,Apple announces major expansion into AI and robotics
2024-08-28,Lawsuit filed against Apple over battery performance
2024-08-29,Apple wins major patent lawsuit against competitors
2024-08-30,Competitors gain market share in the premium smartphone segment
2024-09-03,Major security vulnerability discovered in iOS
2024-09-04,Apple faces supply chain disruptions in key markets
2024-09-05,Minor software update released for Apple Watch
2024-09-06,Market waits for Apple's upcoming product announcement
2024-09-09,Apple explores new office space in Austin
2024-09-10,Apple reports record-breaking quarterly earnings
2024-09-11,New iPhone receives rave reviews from critics
2024-09-12,Market waits for Apple's upcoming product announcement
2024-09-13,Major security vulnerability discovered in iOS
2024-09-16,Market waits for Apple's upcoming product announcement
2024-09-17,New iPhone receives rave reviews from critics
2024-09-18,Apple's board of directors meets for quarterly review
2024-09-19,Apple's services revenue hits all-time high
2024-09-20,Regulatory scrutiny intensifies for Apple's App Store
2024-09-23,Apple announces major expansion into AI and robotics
2024-09-24,Competitors gain market share in the premium smartphone segment
2024-09-25,Apple reports record-breaking quarterly earnings
2024-09-26,Apple remains a key player in the tech industry
2024-09-27,Apple faces supply chain disruptions in key markets
2024-09-30,Apple wins major patent lawsuit against competitors
2024-10-01,Apple's production delayed due to component shortages
2024-10-02,Analysts upgrade AAPL stock to 'Strong Buy'
2024-10-03,Apple reports record-breaking quarterly earnings
2024-10-04,Apple's production delayed due to component shortages
2024-10-07,Regulatory scrutiny intensifies for Apple's App Store
2024-10-08,Successful launch of new MacBook models boosts investor confidence
2024-10-09,Analysts upgrade AAPL stock to 'Strong Buy'
2024-10-10,Warren Buffett increases stake in Apple
2024-10-11,Apple issues rare revenue warning
2024-10-14,Apple reports record-breaking quarterly earnings
2024-10-15,Apple's production delayed due to component shortages
2024-10-16,Warren Buffett increases stake in Apple
2024-10-17,Apple's production delayed due to component shortages
2024-10-18,Apple issues rare revenue warning
2024-10-21,Successful launch of new MacBook models boosts investor confidence
2024-10-22,Apple announces major expansion into AI and robotics
2024-10-23,Apple faces supply chain disruptions in key markets
2024-10-24,Warren Buffett increases stake in Apple
2024-10-25,Warren Buffett increases stake in Apple
2024-10-28,Apple CEO Tim Cook speaks at industry summit
2024-10-29,Apple reports record-breaking quarterly earnings
2024-10-30,Apple faces supply chain disruptions in key markets
2024-10-31,New iPhone sales fall short of analyst expectations
2024-11-01,Apple wins major patent lawsuit against competitors
2024-11-04,Apple wins major patent lawsuit against competitors
2024-11-05,Warren Buffett increases stake in Apple
2024-11-06,Apple remains a key player in the tech industry
2024-11-07,Apple's services revenue hits all-time high
2024-11-08,Minor software update released for Apple Watch
2024-11-11,Apple wins major patent lawsuit against competitors
2024-11-12,Apple to hold its annual developer conference next month
2024-11-13,Apple CEO Tim Cook speaks at industry summit
2024-11-14,Apple announces major expansion into AI and robotics
2024-11-15,Lawsuit filed against Apple over battery performance
2024-11-18,Apple announces major expansion into AI and robotics
2024-11-19,Apple CEO Tim Cook speaks at industry summit
2024-11-20,Apple issues rare revenue warning
2024-11-21,Market waits for Apple's upcoming product announcement
2024-11-22,Apple's services revenue hits all-time high
2024-11-25,Analysts upgrade AAPL stock to 'Strong Buy'
2024-11-26,Apple's services revenue hits all-time high
2024-11-27,Major security vulnerability discovered in iOS
2024-11-29,Apple issues rare revenue warning
2024-12-02,Analysts upgrade AAPL stock to 'Strong Buy'
2024-12-03,Warren Buffett increases stake in Apple
2024-12-04,Analysts upgrade AAPL stock to 'Strong Buy'
2024-12-05,Competitors gain market share in the premium smartphone segment
2024-12-06,Apple to hold its annual developer conference next month
2024-12-09,New iPhone receives rave reviews from critics
2024-12-10,Apple wins major patent lawsuit against competitors
2024-12-11,Apple issues rare revenue warning
2024-12-12,Apple reports record-breaking quarterly earnings
2024-12-13,Analysts upgrade AAPL stock to 'Strong Buy'
2024-12-16,Apple reports record-breaking quarterly earnings
2024-12-17,Minor software update released for Apple Watch
2024-12-18,Competitors gain market share in the premium smartphone segment
2024-12-19,New iPhone receives rave reviews from critics
2024-12-20,Apple's board of directors meets for quarterly review
2024-12-23,Apple remains a key player in the tech industry
2024-12-24,Apple announces major expansion into AI and robotics
2024-12-26,Apple faces supply chain disruptions in key markets
2024-12-27,Apple issues rare revenue warning
2024-12-30,Apple's board of directors meets for quarterly review
2024-12-31,Apple's production delayed due to component shortages
2025-01-02,Lawsuit filed against Apple over battery performance
2025-01-03,Major security vulnerability discovered in iOS
2025-01-06,Apple wins major patent lawsuit against competitors
2025-01-07,Apple to hold its annual developer conference next month
2025-01-08,Apple's services revenue hits all-time high
2025-01-10,Major security vulnerability discovered in iOS
2025-01-13,New iPhone sales fall short of analyst expectations
2025-01-14,Apple explores new office space in Austin
2025-01-15,Apple updates its privacy policy for users
2025-01-16,Apple to hold its annual developer conference next month
2025-01-17,Apple's production delayed due to component shortages
2025-01-21,Apple updates its privacy policy for users
2025-01-22,Successful launch of new MacBook models boosts investor confidence
2025-01-23,Regulatory scrutiny intensifies for Apple's App Store
2025-01-24,Competitors gain market share in the premium smartphone segment
2025-01-27,Warren Buffett increases stake in Apple
2025-01-28,Apple wins major patent lawsuit against competitors
2025-01-29,Apple wins major patent lawsuit against competitors
2025-01-30,Apple issues rare revenue warning
2025-01-31,Analysts upgrade AAPL stock to 'Strong Buy'
2025-02-03,Apple's production delayed due to component shortages
2025-02-04,Apple reports record-breaking quarterly earnings
2025-02-05,Apple remains a key player in the tech industry
2025-02-06,New iPhone receives rave reviews from critics
2025-02-07,Warren Buffett increases stake in Apple
2025-02-10,Apple faces supply chain disruptions in key markets
2025-02-11,Market waits for Apple's upcoming product announcement
2025-02-12,Analysts upgrade AAPL stock to 'Strong Buy'
2025-02-13,New iPhone receives rave reviews from critics
2025-02-14,Apple announces major expansion into AI and robotics
2025-02-18,Apple updates its privacy policy for users
2025-02-19,Market waits for Apple's upcoming product announcement
2025-02-20,Apple reports record-breaking quarterly earnings
2025-02-21,Market waits for Apple's upcoming product announcement
2025-02-24,Apple announces major expansion into AI and robotics
2025-02-25,Major security vulnerability discovered in iOS
2025-02-26,Apple's production delayed due to component shortages
2025-02-27,New iPhone sales fall short of analyst expectations
2025-02-28,Market waits for Apple's upcoming product announcement
2025-03-03,Major security vulnerability discovered in iOS
2025-03-04,Lawsuit filed against Apple over battery performance
2025-03-05,Apple CEO Tim Cook speaks at industry summit
2025-03-06,Competitors gain market share in the premium smartphone segment
2025-03-07,Warren Buffett increases stake in Apple
2025-03-10,New iPhone sales fall short of analyst expectations
2025-03-11,Apple's production delayed due to component shortages
2025-03-12,Apple's production delayed due to component shortages
2025-03-13,Regulatory scrutiny intensifies for Apple's App Store
2025-03-14,Apple's services revenue hits all-time high
2025-03-17,Apple's services revenue hits all-time high
2025-03-18,Apple's production delayed due to component shortages
2025-03-19,Apple issues rare revenue warning
2025-03-20,Apple's board of directors meets for quarterly review
2025-03-21,Warren Buffett increases stake in Apple
2025-03-24,Apple explores new office space in Austin
2025-03-25,Warren Buffett increases stake in Apple
2025-03-26,Apple wins major patent lawsuit against competitors
2025-03-27,Apple reports record-breaking quarterly earnings
2025-03-28,Apple issues rare revenue warning
2025-03-31,Warren Buffett increases stake in Apple
2025-04-01,Apple wins major patent lawsuit against competitors
2025-04-02,New iPhone receives rave reviews from critics
2025-04-03,Major security vulnerability discovered in iOS
2025-04-04,Apple's board of directors meets for quarterly review
2025-04-07,Apple's board of directors meets for quarterly review
2025-04-08,New iPhone sales fall short of analyst expectations
2025-04-09,Apple's services revenue hits all-time high
2025-04-10,New iPhone receives rave reviews from critics
2025-04-11,Successful launch of new MacBook models boosts investor confidence
2025-04-14,Apple issues rare revenue warning
2025-04-15,Apple explores new office space in Austin
2025-04-16,Apple to hold its annual developer conference next month
2025-04-17,Apple's board of directors meets for quarterly review
2025-04-21,Apple CEO Tim Cook speaks at industry summit
2025-04-22,Apple wins major patent lawsuit against competitors
2025-04-23,Apple faces supply chain disruptions in key markets
2025-04-24,Apple reports record-breaking quarterly earnings
2025-04-25,Successful launch of new MacBook models boosts investor confidence
2025-04-28,Apple explores new office space in Austin
2025-04-29,Apple announces major expansion into AI and robotics
2025-04-30,Apple's services revenue hits all-time high
2025-05-01,Analysts upgrade AAPL stock to 'Strong Buy'
2025-05-02,Apple's production delayed due to component shortages
2025-05-05,New iPhone sales fall short of analyst expectations
2025-05-06,Apple CEO Tim Cook speaks at industry summit
2025-05-07,Apple faces supply chain disruptions in key markets
2025-05-08,Analysts upgrade AAPL stock to 'Strong Buy'
2025-05-09,Apple wins major patent lawsuit against competitors
2025-05-12,Apple CEO Tim Cook speaks at industry summit
2025-05-13,Apple's services revenue hits all-time high
2025-05-14,Apple updates its privacy policy for users
2025-05-15,Apple's board of directors meets for quarterly review
2025-05-16,Competitors gain market share in the premium smartphone segment
2025-05-19,New iPhone receives rave reviews from critics
2025-05-20,Regulatory scrutiny intensifies for Apple's App Store
2025-05-21,Apple wins major patent lawsuit against competitors
2025-05-22,Warren Buffett increases stake in Apple
2025-05-23,Apple reports record-breaking quarterly earnings
2025-05-27,Successful launch of new MacBook models boosts investor confidence
2025-05-28,Warren Buffett increases stake in Apple
2025-05-29,Competitors gain market share in the premium smartphone segment
2025-05-30,Market waits for Apple's upcoming product announcement
2025-06-02,Apple announces major expansion into AI and robotics
2025-06-03,Analysts upgrade AAPL stock to 'Strong Buy'
2025-06-04,Minor software update released for Apple Watch
2025-06-05,Major security vulnerability discovered in iOS
2025-06-06,Analysts upgrade AAPL stock to 'Strong Buy'
2025-06-09,Apple CEO Tim Cook speaks at industry summit
2025-06-10,Analysts upgrade AAPL stock to 'Strong Buy'
2025-06-11,New iPhone sales fall short of analyst expectations
2025-06-12,Apple remains a key player in the tech industry
2025-06-13,Apple issues rare revenue warning
2025-06-16,Competitors gain market share in the premium smartphone segment
2025-06-17,Regulatory scrutiny intensifies for Apple's App Store
2025-06-18,Successful launch of new MacBook models boosts investor confidence
2025-06-20,Apple's services revenue hits all-time high
2025-06-23,Market waits for Apple's upcoming product announcement
2025-06-24,Competitors gain market share in the premium smartphone segment
2025-06-25,Apple to hold its annual developer conference next month
2025-06-26,Apple CEO Tim Cook speaks at industry summit
2025-06-27,Apple remains a key player in the tech industry
2025-06-30,Apple reports record-breaking quarterly earnings
2025-07-01,Warren Buffett increases stake in Apple
2025-07-02,Apple remains a key player in the tech industry
2025-07-03,Apple explores new office space in Austin
2025-07-07,Apple faces supply chain disruptions in key markets
2025-07-08,Apple updates its privacy policy for users
2025-07-09,Analysts upgrade AAPL stock to 'Strong Buy'
2025-07-10,Apple wins major patent lawsuit against competitors
2025-07-11,Analysts upgrade AAPL stock to 'Strong Buy'
2025-07-14,New iPhone sales fall short of analyst expectations
2025-07-15,Minor software update released for Apple Watch
2025-07-16,Minor software update released for Apple Watch
2025-07-17,Competitors gain market share in the premium smartphone segment
2025-07-18,Minor software update released for Apple Watch
2025-07-21,Apple explores new office space in Austin
2025-07-22,Apple announces major expansion into AI and robotics
2025-07-23,Apple faces supply chain disruptions in key markets
2025-07-24,Apple's services revenue hits all-time high
2025-07-25,Major security vulnerability discovered in iOS
2025-07-28,Apple's board of directors meets for quarterly review
2025-07-29,Apple's production delayed due to component shortages
2025-07-30,Major security vulnerability discovered in iOS
2025-07-31,New iPhone sales fall short of analyst expectations
2025-08-01,Apple issues rare revenue warning
2025-08-04,Lawsuit filed against Apple over battery performance
2025-08-05,Apple updates its privacy policy for users
2025-08-06,Successful launch of new MacBook models boosts investor confidence
2025-08-07,Apple announces major expansion into AI and robotics
2025-08-08,Minor software update released for Apple Watch
2025-08-11,Lawsuit filed against Apple over battery performance
2025-08-12,Warren Buffett increases stake in Apple
2025-08-13,Analysts upgrade AAPL stock to 'Strong Buy'
2025-08-14,Lawsuit filed against Apple over battery performance
2025-08-15,Apple reports record-breaking quarterly earnings
2025-08-18,Apple issues rare revenue warning
2025-08-19,Apple issues rare revenue warning
2025-08-20,Apple remains a key player in the tech industry
2025-08-21,Apple reports record-breaking quarterly earnings
2025-08-22,Apple's services revenue hits all-time high
2025-08-25,Analysts upgrade AAPL stock to 'Strong Buy'
2025-08-26,Warren Buffett increases stake in Apple
2025-08-27,New iPhone receives rave reviews from critics
2025-08-28,New iPhone receives rave reviews from critics
2025-08-29,Minor software update released for Apple Watch
2025-09-02,Market waits for Apple's upcoming product announcement
2025-09-03,Apple's board of directors meets for quarterly review
2025-09-04,Apple announces major expansion into AI and robotics
2025-09-05,Apple announces major expansion into AI and robotics
2025-09-08,Apple faces supply chain disruptions in key markets
2025-09-09,Apple faces supply chain disruptions in key markets
2025-09-10,Major security vulnerability discovered in iOS
2025-09-11,Apple's services revenue hits all-time high
2025-09-12,Successful launch of new MacBook models boosts investor confidence
2025-09-15,Apple's board of directors meets for quarterly review
2025-09-16,Apple wins major patent lawsuit against competitors
2025-09-17,Minor software update released for Apple Watch
2025-09-18,Apple faces supply chain disruptions in key markets
2025-09-19,Apple issues rare revenue warning
2025-09-22,Apple to hold its annual developer conference next month
2025-09-23,New iPhone sales fall short of analyst expectations
2025-09-24,Apple faces supply chain disruptions in key markets
2025-09-25,Apple reports record-breaking quarterly earnings
2025-09-26,New iPhone receives rave reviews from critics
2025-09-29,Apple remains a key player in the tech industry
2025-09-30,Apple updates its privacy policy for users
2025-10-01,Apple to hold its annual developer conference next month
2025-10-02,Apple's services revenue hits all-time high
2025-10-03,Apple wins major patent lawsuit against competitors
2025-10-06,Major security vulnerability discovered in iOS
2025-10-07,New iPhone receives rave reviews from critics
2025-10-08,Analysts upgrade AAPL stock to 'Strong Buy'
2025-10-09,Apple updates its privacy policy for users
2025-10-10,New iPhone sales fall short of analyst expectations
2025-10-13,Lawsuit filed against Apple over battery performance
2025-10-14,Lawsuit filed against Apple over battery performance
2025-10-15,Apple explores new office space in Austin
2025-10-16,New iPhone sales fall short of analyst expectations
2025-10-17,New iPhone receives rave reviews from critics
2025-10-20,Apple wins major patent lawsuit against competitors
2025-10-21,Warren Buffett increases stake in Apple
2025-10-22,Lawsuit filed against Apple over battery performance
2025-10-23,Apple remains a key player in the tech industry
2025-10-24,New iPhone receives rave reviews from critics
2025-10-27,Warren Buffett increases stake in Apple
2025-10-28,Market waits for Apple's upcoming product announcement
2025-10-29,Apple's board of directors meets for quarterly review
2025-10-30,Regulatory scrutiny intensifies for Apple's App Store
2025-10-31,Regulatory scrutiny intensifies for Apple's App Store
2025-11-03,Warren Buffett increases stake in Apple
2025-11-04,Apple announces major expansion into AI and robotics
2025-11-05,Warren Buffett increases stake in Apple
2025-11-06,Apple issues rare revenue warning
2025-11-07,New iPhone receives rave reviews from critics
2025-11-10,Apple to hold its annual developer conference next month
2025-11-11,Apple wins major patent lawsuit against competitors
2025-11-12,Competitors gain market share in the premium smartphone segment
2025-11-13,Apple faces supply chain disruptions in key markets
2025-11-14,Analysts upgrade AAPL stock to 'Strong Buy'
2025-11-17,Apple's production delayed due to component shortages
2025-11-18,Regulatory scrutiny intensifies for Apple's App Store
2025-11-19,Apple explores new office space in Austin
2025-11-20,New iPhone sales fall short of analyst expectations
2025-11-21,Major security vulnerability discovered in iOS
2025-11-24,Warren Buffett increases stake in Apple
2025-11-25,Apple updates its privacy policy for users
2025-11-26,New iPhone receives rave reviews from critics
2025-11-28,Apple reports record-breaking quarterly earnings
2025-12-01,Minor software update released for Apple Watch
2025-12-02,Apple reports record-breaking quarterly earnings
2025-12-03,Competitors gain market share in the premium smartphone segment
2025-12-04,Apple issues rare revenue warning
2025-12-05,Competitors gain market share in the premium smartphone segment
2025-12-08,Apple's board of directors meets for quarterly review
2025-12-09,Lawsuit filed against Apple over battery performance
2025-12-10,Major security vulnerability discovered in iOS
2025-12-11,Apple's board of directors meets for quarterly review
2025-12-12,Apple remains a key player in the tech industry
2025-12-15,Apple faces supply chain disruptions in key markets
2025-12-16,Analysts upgrade AAPL stock to 'Strong Buy'
2025-12-17,Apple faces supply chain disruptions in key markets
2025-12-18,Apple issues rare revenue warning
2025-12-19,Warren Buffett increases stake in Apple
2025-12-22,Apple faces supply chain disruptions in key markets
2025-12-23,Apple announces major expansion into AI and robotics
2025-12-24,Analysts upgrade AAPL stock to 'Strong Buy'
2025-12-26,Apple faces supply chain disruptions in key markets
2025-12-29,Apple reports record-breaking quarterly earnings
2025-12-30,Apple explores new office space in Austin
2025-12-31,Market waits for Apple's upcoming product announcement
2026-01-02,Apple faces supply chain disruptions in key markets
2026-01-05,Apple faces supply chain disruptions in key markets
2026-01-06,Apple CEO Tim Cook speaks at industry summit
2026-01-07,Regulatory scrutiny intensifies for Apple's App Store
2026-01-08,Apple reports record-breaking quarterly earnings
2026-01-09,New iPhone sales fall short of analyst expectations
2026-01-12,Apple's production delayed due to component shortages
2026-01-13,New iPhone receives rave reviews from critics
2026-01-14,Apple updates its privacy policy for users
2026-01-15,Lawsuit filed against Apple over battery performance
2026-01-16,Apple faces supply chain disruptions in key markets
2026-01-20,Competitors gain market share in the premium smartphone segment
2026-01-21,Apple remains a key player in the tech industry
2026-01-22,Apple issues rare revenue warning
2026-01-23,Regulatory scrutiny intensifies for Apple's App Store
2026-01-26,Apple announces major expansion into AI and robotics
2026-01-27,Competitors gain market share in the premium smartphone segment
2026-01-28,Apple issues rare revenue warning
2026-01-29,Market waits for Apple's upcoming product announcement
2026-01-30,Apple updates its privacy policy for users
