ReviewID,ReviewText
1,"This product is absolutely amazing! I love it."
2,"The quality is quite poor and it broke after two days."
3,"It is okay, does the job but nothing special."
4,"Excellent customer service and fast shipping."
5,"Worst purchase I have ever made. Very disappointed."
6,"The interface is user-friendly and very intuitive."
7,"I am neutral about this. It works as expected."
8,"Great value for money. Highly recommend!"
9,"Terrible experience. The item never arrived."
10,"Average product. Not bad but not great either."
11,"I really like the design and the color options."
12,"It stopped working after a week. Very frustrating."
13,"The features are just what I needed."
14,"Meh, I've seen better products in this price range."
15,"Fantastic! Exceeded all my expectations."
16,"I wouldn't buy this again. Not worth the price."
17,"Pretty good, but there's room for improvement."
18,"Awesome performance! Super fast and reliable."
19,"Disgusting quality. Stay away from this brand."
20,"It's fine for basic use."
